"","x"
"1","arts"
"2","sciences"
"3","studies"
"4","social"
"5","research"
"6","center"
"7","science"
"8","division"
"9","humanities"
"10","art"
"11","film"
"12","media"
"13","program"
"14","farm"
"15","news"
"16","sustainability"
"17","blumenthal"
"18","award"
"19","arboretum"
"20","department"
"21","digital"
"22","environmental"
"23","david"
"24","history"
"25","engineering"
"26","chancellor"
"27","education"
"28","galloway"
"29","theater"
"30","dead"
"31","casfs"
"32","computer"
"33","grateful"
"34","new"
"35","games"
"36","university"
"37","sea"
"38","california"
"39","game"
"40","genomics"
"41","alumni"
"42","green"
"43","jewish"
"44","american"
"45","awards"
"46","budget"
"47","design"
"48","cancer"
"49","music"
"50","day"
"51","michael"
"52","community"
"53","garden"
"54","haussler"
"55","baskin"
"56","institute"
"57","marine"
"58","student"
"59","women"
"60","archive"
"61","lecture"
"62","agriculture"
"63","faber"
"64","shakespeare"
"65","college"
"66","poetry"
"67","foundation"
"68","literature"
"69","project"
"70","sandra"
"71","faculty"
"72","food"
"73","psychology"
"74","school"
"75","sustainable"
"76","agroecology"
"77","genome"
"78","steve"
"79","climate"
"80","global"
"81","graduate"
"82","health"
"83","john"
"84","library"
"85","gary"
"86","national"
"87","systems"
"88","academy"
"89","diversity"
"90","lick"
"91","playable"
"92","society"
"93","undergraduate"
"94","daniel"
"95","organic"
"96","peter"
"97","programs"
"98","staff"
"99","observatory"
"100","fellow"
"101","smith"
"102","students"
"103","academic"
"104","earthquake"
"105","festival"
"106","scholarship"
"107","summer"
"108","technology"
"109","vogt"
"110","bruce"
"111","change"
"112","energy"
"113","ocean"
"114","otter"
"115","prize"
"116","dickens"
"117","latino"
"118","mark"
"119","planets"
"120","richard"
"121","storage"
"122","sullivan"
"123","supported"
"124","ucop"
"125","video"
"126","anthropology"
"127","brown"
"128","coastal"
"129","communication"
"130","dean"
"131","documentary"
"132","exoplanets"
"133","george"
"134","human"
"135","james"
"136","lab"
"137","miller"
"138","planet"
"139","plant"
"140","sale"
"141","scholarships"
"142","seymour"
"143","teaching"
"144","valley"
"145","books"
"146","campus"
"147","care"
"148","chris"
"149","data"
"150","extrasolar"
"151","fellows"
"152","jim"
"153","karen"
"154","natural"
"155","open"
"156","paul"
"157","spring"
"158","stem"
"159","symposium"
"160","telescope"
"161","william"
"162","astrophysics"
"163","biology"
"164","business"
"165","culture"
"166","danm"
"167","economics"
"168","emily"
"169","entrepreneurship"
"170","fall"
"171","festivals"
"172","films"
"173","gabriel"
"174","galaxies"
"175","jonathan"
"176","review"
"177","stuart"
"178","young"
"179","advisory"
"180","bay"
"181","best"
"182","brodsky"
"183","costa"
"184","dan"
"185","ethics"
"186","evolution"
"187","feminist"
"188","galaxy"
"189","group"
"190","habitable"
"191","international"
"192","jerry"
"193","life"
"194","martin"
"195","mchenry"
"196","memorial"
"197","museum"
"198","provost"
"199","rankings"
"200","regents"
"201","robotics"
"202","scipp"
"203","services"
"204","slug"
"205","steven"
"206","vice"
"207","administrative"
"208","documentation"
"209","exhibitions"
"210","farming"
"211","field"
"212","forum"
"213","founders"
"214","guhathakurta"
"215","koch"
"216","language"
"217","latin"
"218","mission"
"219","physics"
"220","seal"
"221","seals"
"222","silicon"
"223","space"
"224","warming"
"225","water"
"226","williams"
"227","world"
"228","year"
"229","america"
"230","andrew"
"231","appointment"
"232","big"
"233","bill"
"234","brenda"
"235","claire"
"236","conference"
"237","cowell"
"238","emeriti"
"239","enrico"
"240","enrollment"
"241","evc"
"242","fundraising"
"243","gallery"
"244","griggs"
"245","honduras"
"246","jacob"
"247","lay"
"248","lead"
"249","otters"
"250","planning"
"251","politics"
"252","quarter"
"253","race"
"254","ramirezruiz"
"255","rights"
"256","robert"
"257","scholars"
"258","sloan"
"259","sociology"
"260","stephen"
"261","survey"
"262","terrie"
"263","wilmers"
"264","writing"
"265","book"
"266","campaign"
"267","demonstration"
"268","distant"
"269","earth"
"270","elephant"
"271","elkaim"
"272","ethnic"
"273","events"
"274","excellence"
"275","fellowship"
"276","fisher"
"277","great"
"278","greg"
"279","journal"
"280","long"
"281","magazine"
"282","marc"
"283","max"
"284","medal"
"285","message"
"286","moore"
"287","pacific"
"288","puma"
"289","sesnon"
"290","solar"
"291","star"
"292","state"
"293","susan"
"294","thorne"
"295","way"
"296","week"
"297","white"
"298","womens"
"299","zimmerman"
"300","astronomy"
"301","bat"
"302","benefit"
"303","biomolecular"
"304","brent"
"305","city"
"306","club"
"307","coast"
"308","commencement"
"309","condors"
"310","contact"
"311","convocation"
"312","cruz"
"313","cuts"
"314","dna"
"315","donald"
"316","drive"
"317","ecology"
"318","fortney"
"319","frank"
"320","gas"
"321","haddad"
"322","harvest"
"323","hubble"
"324","initiative"
"325","innovation"
"326","josh"
"327","joshua"
"328","kathy"
"329","kilpatrick"
"330","king"
"331","luther"
"332","marm"
"333","mexican"
"334","monk"
"335","mountain"
"336","nelson"
"337","observatories"
"338","outstanding"
"339","press"
"340","public"
"341","punjabi"
"342","puragra"
"343","raimondi"
"344","ray"
"345","rich"
"346","rosen"
"347","san"
"348","stars"
"349","theory"
"350","times"
"351","tom"
"352","weekend"
"353","west"
"354","writers"
"355","2014"
"356","adina"
"357","ancient"
"358","benjamin"
"359","career"
"360","cells"
"361","chadwick"
"362","charles"
"363","conservation"
"364","coral"
"365","council"
"366","dana"
"367","dinner"
"368","don"
"369","earthquakes"
"370","environment"
"371","estes"
"372","evolutionary"
"373","francis"
"374","francisco"
"375","frick"
"376","friends"
"377","fulbright"
"378","gill"
"379","grants"
"380","higher"
"381","holiday"
"382","hub"
"383","ice"
"384","india"
"385","japan"
"386","jfast"
"387","joel"
"388","justice"
"389","kathryn"
"390","kp2"
"391","level"
"392","medicine"
"393","nanopore"
"394","nicholas"
"395","norris"
"396","parking"
"397","paytan"
"398","proton"
"399","regent"
"400","retirement"
"401","romero"
"402","ruby"
"403","russell"
"404","scott"
"405","slawek"
"406","southern"
"407","strategic"
"408","surgery"
"409","syndrome"
"410","system"
"411","tennis"
"412","tim"
"413","tohoku"
"414","tulaczyk"
"415","united"
"416","violence"
"417","volunteer"
"418","welcome"
"419","2012"
"420","achievement"
"421","act"
"422","adaptive"
"423","alan"
"424","alliance"
"425","anna"
"426","area"
"427","aronson"
"428","bears"
"429","board"
"430","bratt"
"431","brian"
"432","bulletin"
"433","casey"
"434","cghub"
"435","charlie"
"436","china"
"437","cinema"
"438","collections"
"439","colleges"
"440","creative"
"441","crime"
"442","crss"
"443","dance"
"444","davis"
"445","deep"
"446","discovery"
"447","distinguished"
"448","doug"
"449","elizabeth"
"450","elkhorn"
"451","endowment"
"452","fermi"
"453","fiction"
"454","flegal"
"455","flu"
"456","garth"
"457","hall"
"458","harry"
"459","higgs"
"460","holocaust"
"461","house"
"462","howard"
"463","illingworth"
"464","impact"
"465","influence"
"466","internship"
"467","jack"
"468","jean"
"469","joe"
"470","kavli"
"471","kepler"
"472","kudela"
"473","laser"
"474","laughlin"
"475","leadership"
"476","linguistics"
"477","mangel"
"478","mateas"
"479","mechatronics"
"480","moon"
"481","neanderthal"
"482","network"
"483","nimmo"
"484","notes"
"485","nsf"
"486","office"
"487","optical"
"488","optics"
"489","packard"
"490","party"
"491","pat"
"492","personalized"
"493","pettigrew"
"494","phillip"
"495","philosophy"
"496","physical"
"497","picnic"
"498","policy"
"499","power"
"500","prochaska"
"501","raphael"
"502","renewable"
"503","rob"
"504","roll"
"505","salmon"
"506","seiden"
"507","seismology"
"508","senate"
"509","sequencing"
"510","service"
"511","sikh"
"512","slough"
"513","television"
"514","thomas"
"515","uscs"
"516","washington"
"517","2011"
"518","algal"
"519","andy"
"520","aptheker"
"521","artists"
"522","asian"
"523","atlas"
"524","bang"
"525","bank"
"526","barry"
"527","bats"
"528","bioinformatics"
"529","bird"
"530","black"
"531","blooms"
"532","boson"
"533","browser"
"534","building"
"535","camp"
"536","carbon"
"537","cary"
"538","celebration"
"539","chair"
"540","christina"
"541","computational"
"542","contest"
"543","crisis"
"544","critical"
"545","csa"
"546","dag"
"547","dave"
"548","dine"
"549","dining"
"550","diseases"
"551","district"
"552","documentaries"
"553","doyle"
"554","dream"
"555","early"
"556","election"
"557","elections"
"558","endangered"
"559","endowed"
"560","envision"
"561","ethan"
"562","family"
"563","farr"
"564","finance"
"565","forensic"
"566","funding"
"567","gaming"
"568","gift"
"569","gordon"
"570","guggenheim"
"571","haber"
"572","hammack"
"573","harmful"
"574","hawaiian"
"575","hill"
"576","home"
"577","honor"
"578","housing"
"579","hydrogen"
"580","immigration"
"581","irion"
"582","irwin"
"583","jane"
"584","johnson"
"585","julie"
"586","ken"
"587","kent"
"588","kerr"
"589","kliger"
"590","kobayashi"
"591","larry"
"592","lee"
"593","literary"
"594","lunar"
"595","madau"
"596","matthew"
"597","medical"
"598","melissa"
"599","men"
"600","mercury"
"601","meriwether"
"602","mike"
"603","movein"
"604","ncwit"
"605","noaa"
"606","obama"
"607","online"
"608","opera"
"609","peace"
"610","photography"
"611","piero"
"612","poets"
"613","poisoning"
"614","population"
"615","president"
"616","primack"
"617","princeton"
"618","queer"
"619","rachel"
"620","recreation"
"621","reefs"
"622","reunion"
"623","rise"
"624","sab"
"625","sam"
"626","second"
"627","security"
"628","senior"
"629","series"
"630","sinervo"
"631","species"
"632","spencer"
"633","ssrc"
"634","taps"
"635","thompson"
"636","time"
"637","tony"
"638","traffic"
"639","tuition"
"640","universe"
"641","value"
"642","veterans"
"643","visual"
"644","weber"
"645","winifred"
"646","xavier"
"647","yamashita"
"648","zavella"
"649","100"
"650","2010"
"651","aaas"
"652","acidification"
"653","action"
"654","admissions"
"655","advocacy"
"656","africa"
"657","african"
"658","angela"
"659","anniversary"
"660","antarctic"
"661","ares"
"662","atwood"
"663","barn"
"664","bas"
"665","beck"
"666","beth"
"667","biodiversity"
"668","biological"
"669","bishop"
"670","blood"
"671","bombing"
"672","brandt"
"673","carolyn"
"674","carson"
"675","censeps"
"676","central"
"677","chemical"
"678","chemistry"
"679","childhood"
"680","chinese"
"681","chocolate"
"682","civil"
"683","clark"
"684","class"
"685","competition"
"686","condor"
"687","corps"
"688","craig"
"689","darimont"
"690","degree"
"691","disease"
"692","elliot"
"693","emerging"
"694","erik"
"695","experience"
"696","extinction"
"697","extinctions"
"698","fair"
"699","fairlie"
"700","fiber"
"701","finkelstein"
"702","first"
"703","force"
"704","formation"
"705","forsberg"
"706","frameline"
"707","fred"
"708","fukunaga"
"709","fund"
"710","gabe"
"711","gammaray"
"712","garcialunaaceves"
"713","gay"
"714","giffords"
"715","giving"
"716","glatzmaier"
"717","glenn"
"718","goals"
"719","gregory"
"720","hab"
"721","hal"
"722","hamilton"
"723","hay"
"724","hellman"
"725","high"
"726","hitchcock"
"727","holes"
"728","holger"
"729","huffman"
"730","identity"
"731","ieee"
"732","impacts"
"733","initiatives"
"734","intelligence"
"735","interim"
"736","investment"
"737","iphone"
"738","islands"
"739","jason"
"740","jennifer"
"741","jesse"
"742","kapany"
"743","keck"
"744","kevin"
"745","labor"
"746","laureate"
"747","learning"
"748","lgbt"
"749","lieberman"
"750","lin"
"751","linda"
"752","lion"
"753","living"
"754","lizard"
"755","los"
"756","mad"
"757","management"
"758","march"
"759","markets"
"760","marriage"
"761","mary"
"762","maternity"
"763","memoriam"
"764","merrill"
"765","mlk"
"766","mount"
"767","nader"
"768","narinder"
"769","nathaniel"
"770","networks"
"771","nielsen"
"772","nobuhiko"
"773","oakes"
"774","oil"
"775","optofluidics"
"776","pancancer"
"777","panunzio"
"778","parker"
"779","patrick"
"780","pete"
"781","pew"
"782","philanthropy"
"783","physician"
"784","plan"
"785","poet"
"786","police"
"787","porter"
"788","post"
"789","pourmand"
"790","primary"
"791","protection"
"792","protest"
"793","pylori"
"794","qb3"
"795","ramirez"
"796","ravelo"
"797","records"
"798","red"
"799","reduction"
"800","restoration"
"801","ribosome"
"802","ritz"
"803","rock"
"804","rothman"
"805","sahni"
"806","santa"
"807","satyajit"
"808","schmidt"
"809","schools"
"810","screening"
"811","search"
"812","shapiro"
"813","share"
"814","sher"
"815","shots"
"816","special"
"817","stewart"
"818","stone"
"819","strome"
"820","study"
"821","superearth"
"822","sutter"
"823","talbot"
"824","talks"
"825","task"
"826","teach"
"827","thank"
"828","tinker"
"829","topp"
"830","transfer"
"831","tree"
"832","tsing"
"833","tyrus"
"834","uarc"
"835","uco"
"836","ucolick"
"837","union"
"838","van"
"839","virus"
"840","watts"
"841","whitehead"
"842","whitenose"
"843","wilson"
"844","wreath"
"845","zimride"
"846","zone"
"847","10k"
"848","2015"
"849","50th"
"850","aaron"
"851","abe"
"852","abraham"
"853","abrams"
"854","abroad"
"855","access"
"856","adams"
"857","administration"
"858","adrienne"
"859","affairs"
"860","agu"
"861","aid"
"862","akeson"
"863","alex"
"864","alexander"
"865","algae"
"866","allan"
"867","amphitheater"
"868","analysis"
"869","andromeda"
"870","anthroplogy"
"871","app"
"872","applications"
"873","aps"
"874","architecture"
"875","arizona"
"876","artificial"
"877","asphaug"
"878","associates"
"879","association"
"880","astronomical"
"881","atlantic"
"882","authors"
"883","awareness"
"884","baker"
"885","barbara"
"886","basketball"
"887","baumgarten"
"888","bear"
"889","beggs"
"890","ben"
"891","bettina"
"892","bionics"
"893","bolte"
"894","bowl"
"895","brandon"
"896","brant"
"897","brett"
"898","bridge"
"899","cal"
"900","camilla"
"901","candels"
"902","capitalism"
"903","cappella"
"904","carr"
"905","cassini"
"906","catamaran"
"907","cbse"
"908","cell"
"909","chancellors"
"910","children"
"911","chip"
"912","choice"
"913","citation"
"914","closure"
"915","cloud"
"916","colleen"
"917","commitment"
"918","communications"
"919","congress"
"920","constantine"
"921","cooley"
"922","corinne"
"923","cosmology"
"924","cougar"
"925","county"
"926","coursera"
"927","crash"
"928","cross"
"929","curriculum"
"930","danny"
"931","deutsch"
"932","development"
"933","disposition"
"934","dive"
"935","doctoral"
"936","doctorate"
"937","douglas"
"938","drilling"
"939","dwarf"
"940","ecological"
"941","educational"
"942","emmy"
"943","emmys"
"944","entertainment"
"945","eric"
"946","erickson"
"947","extension"
"948","fabrycky"
"949","falcon"
"950","farmers"
"951","farside"
"952","feingold"
"953","financial"
"954","folklorico"
"955","folklórico"
"956","foster"
"957","franklin"
"958","friedman"
"959","future"
"960","gail"
"961","garrickbethell"
"962","genetic"
"963","genetics"
"964","giip"
"965","gliessman"
"966","golden"
"967","goldstein"
"968","gov"
"969","governor"
"970","graduation"
"971","gratitude"
"972","grupo"
"973","hack"
"974","hackathon"
"975","halliday"
"976","haney"
"977","harassment"
"978","heller"
"979","hershatter"
"980","highlands"
"981","hire"
"982","historic"
"983","hollywood"
"984","homeless"
"985","hyde"
"986","ian"
"987","independent"
"988","indian"
"989","industry"
"990","information"
"991","investigation"
"992","iodp"
"993","isaacson"
"994","island"
"995","jenny"
"996","jota"
"997","journalism"
"998","kate"
"999","katrina"
"1000","kay"
"1001","keeley"
"1002","kelly"
"1003","koo"
"1004","krumholz"
"1005","laboratory"
"1006","laird"
"1007","lals"
"1008","langenheim"
"1009","levinson"
"1010","lewis"
"1011","lhc"
"1012","libraries"
"1013","linington"
"1014","lisa"
"1015","lizards"
"1016","lubeck"
"1017","m31"
"1018","maitra"
"1019","mammals"
"1020","margon"
"1021","matt"
"1022","mckay"
"1023","mckenzie"
"1024","mejicas"
"1025","mens"
"1026","mergers"
"1027","microscopy"
"1028","middle"
"1029","military"
"1030","milky"
"1031","minds"
"1032","miriam"
"1033","modern"
"1034","museums"
"1035","myra"
"1036","nanopipette"
"1037","nanotechnology"
"1038","nas"
"1039","nest"
"1040","nicole"
"1041","nigeria"
"1042","night"
"1043","nile"
"1044","noah"
"1045","noller"
"1046","north"
"1047","northern"
"1048","novack"
"1049","november"
"1050","oceans"
"1051","odyssey"
"1052","olga"
"1053","olive"
"1054","origami"
"1055","ottemann"
"1056","page"
"1057","pajaro"
"1058","palestinian"
"1059","palm"
"1060","paper"
"1061","particle"
"1062","permits"
"1063","pollution"
"1064","predatory"
"1065","prediction"
"1066","primordial"
"1067","projects"
"1068","psychological"
"1069","psychologist"
"1070","quarry"
"1071","radar"
"1072","rainbow"
"1073","raja"
"1074","ranking"
"1075","reader"
"1076","reading"
"1077","real"
"1078","reardon"
"1079","rebecca"
"1080","recovery"
"1081","recruitment"
"1082","reichmuth"
"1083","relations"
"1084","renaissance"
"1085","renee"
"1086","reserve"
"1087","reserves"
"1088","response"
"1089","retention"
"1090","revkin"
"1091","ridley"
"1092","rim"
"1093","rims"
"1094","rita"
"1095","robotic"
"1096","rockosi"
"1097","roger"
"1098","ron"
"1099","russian"
"1100","sacnas"
"1101","sacramento"
"1102","sammy"
"1103","sap"
"1104","sarah"
"1105","saturn"
"1106","scheie"
"1107","scholar"
"1108","scientific"
"1109","shannon"
"1110","sharks"
"1111","shipley"
"1112","shop"
"1113","simulations"
"1114","singh"
"1115","site"
"1116","solomon"
"1117","spanish"
"1118","spheres"
"1119","springs"
"1120","stand"
"1121","stefano"
"1122","stock"
"1123","summit"
"1124","sunday"
"1125","supercomputer"
"1126","systemic"
"1127","tajimapena"
"1128","taylor"
"1129","tcga"
"1130","teacher"
"1131","team"
"1132","ted"
"1133","theme"
"1134","therapy"
"1135","thinfilm"
"1136","titan"
"1137","tmt"
"1138","top"
"1139","uctv"
"1140","valdez"
"1141","valentino"
"1142","veteran"
"1143","volleyball"
"1144","vpdue"
"1145","walker"
"1146","wardripfruin"
"1147","waste"
"1148","wasting"
"1149","web"
"1150","whales"
"1151","wild"
"1152","wildlife"
"1153","winter"
"1154","wireless"
"1155","wirls"
"1156","wissard"
"1157","woman"
"1158","worlds"
"1159","yat"
"1160","yudof"
"1161","zehr"
"1162","201011"
"1163","201213"
"1164","2013"
"1165","2020"
"1166","420"
"1167","581"
"1168","abadi"
"1169","abbeele"
"1170","abc"
"1171","acls"
"1172","active"
"1173","adam"
"1174","agency"
"1175","aging"
"1176","albert"
"1177","alert"
"1178","alexs"
"1179","alfaro"
"1180","alison"
"1181","americas"
"1182","ammunition"
"1183","andreasen"
"1184","animal"
"1185","antarctica"
"1186","antibiotic"
"1187","apa"
"1188","apple"
"1189","appointments"
"1190","approval"
"1191","arab"
"1192","arabic"
"1193","architect"
"1194","arcs"
"1195","arctic"
"1196","asl"
"1197","assault"
"1198","assembly"
"1199","assessment"
"1200","assistants"
"1201","assistive"
"1202","astrobiology"
"1203","atomic"
"1204","australopithecus"
"1205","avshalomov"
"1206","awesome"
"1207","bacteria"
"1208","banana"
"1209","banking"
"1210","barricelli"
"1211","bell"
"1212","benedict"
"1213","benefits"
"1214","berger"
"1215","berlin"
"1216","berman"
"1217","bernardi"
"1218","bias"
"1219","biggest"
"1220","bike"
"1221","binaries"
"1222","biofilms"
"1223","biofuel"
"1224","biomedical"
"1225","blueberries"
"1226","bob"
"1227","body"
"1228","boeuf"
"1229","boko"
"1230","bone"
"1231","brand"
"1232","braslau"
"1233","bray"
"1234","breast"
"1235","brewster"
"1236","broadcasting"
"1237","broader"
"1238","brownlee"
"1239","burney"
"1240","bush"
"1241","cage"
"1242","cameron"
"1243","campbell"
"1244","camus"
"1245","cantalupo"
"1246","carla"
"1247","carlo"
"1248","carnival"
"1249","carrie"
"1250","carter"
"1251","cascadia"
"1252","catherine"
"1253","cave"
"1254","cdebi"
"1255","cenic"
"1256","census"
"1257","ceph"
"1258","cesar"
"1259","chairs"
"1260","chat"
"1261","cheerleaders"
"1262","chen"
"1263","chief"
"1264","child"
"1265","childrens"
"1266","chinook"
"1267","cholera"
"1268","christians"
"1269","christine"
"1270","christopher"
"1271","christy"
"1272","chung"
"1273","cioc"
"1274","circle"
"1275","clarence"
"1276","classics"
"1277","clinton"
"1278","clusters"
"1279","collett"
"1280","collins"
"1281","commission"
"1282","committee"
"1283","composers"
"1284","connie"
"1285","conroy"
"1286","contracts"
"1287","cook"
"1288","coralline"
"1289","corals"
"1290","core"
"1291","corey"
"1292","corporatesponsored"
"1293","cosmic"
"1294","cotarobles"
"1295","counsel"
"1296","coup"
"1297","courses"
"1298","court"
"1299","cox"
"1300","crawford"
"1301","creamery"
"1302","cres"
"1303","croll"
"1304","crow"
"1305","crown"
"1306","cstar"
"1307","dale"
"1308","dark"
"1309","days"
"1310","deamer"
"1311","december"
"1312","defense"
"1313","degrees"
"1314","delays"
"1315","den"
"1316","deutron"
"1317","developers"
"1318","discover"
"1319","dissolved"
"1320","downes"
"1321","drake"
"1322","drama"
"1323","drought"
"1324","ebay"
"1325","ecosystem"
"1326","egypt"
"1327","eight"
"1328","electrical"
"1329","ellis"
"1330","emeritus"
"1331","employees"
"1332","employer"
"1333","employment"
"1334","enceladus"
"1335","end"
"1336","engagement"
"1337","enhancement"
"1338","entrainment"
"1339","epigenetic"
"1340","epps"
"1341","erika"
"1342","erit"
"1343","estuarine"
"1344","eugene"
"1345","eutrophication"
"1346","event"
"1347","exchange"
"1348","exhibits"
"1349","experiential"
"1350","expert"
"1351","expressive"
"1352","exxon"
"1353","ezequiel"
"1354","fackler"
"1355","falcons"
"1356","fasc"
"1357","fee"
"1358","fellowships"
"1359","fernando"
"1360","fink"
"1361","fire"
"1362","fish"
"1363","fisheries"
"1364","five"
"1365","fixation"
"1366","flatte"
"1367","fletcher"
"1368","flint"
"1369","flora"
"1370","flowers"
"1371","fog"
"1372","forest"
"1373","franco"
"1374","frans"
"1375","fredrick"
"1376","fuel"
"1377","fulton"
"1378","galactic"
"1379","garcia"
"1380","garcíarobles"
"1381","gardening"
"1382","gender"
"1383","geological"
"1384","gerber"
"1385","giacomo"
"1386","giant"
"1387","gibson"
"1388","gilbert"
"1389","gilman"
"1390","giovanni"
"1391","girls"
"1392","glass"
"1393","glaucoma"
"1394","gliese"
"1395","gloria"
"1396","golf"
"1397","google"
"1398","government"
"1399","graffiti"
"1400","graham"
"1401","grande"
"1402","grant"
"1403","gretchen"
"1404","growth"
"1405","guide"
"1406","guthman"
"1407","haiti"
"1408","halloween"
"1409","haram"
"1410","harland"
"1411","harold"
"1412","harrell"
"1413","harris"
"1414","hartmut"
"1415","hatchery"
"1416","hate"
"1417","heather"
"1418","helicobacter"
"1419","henry"
"1420","heritage"
"1421","herman"
"1422","heroes"
"1423","herring"
"1424","hinck"
"1425","historical"
"1426","hoailona"
"1427","hoffman"
"1428","hollenbeck"
"1429","hollowcore"
"1430","holo"
"1431","honored"
"1432","hopkins"
"1433","horse"
"1434","hoyt"
"1435","hsi"
"1436","hudf"
"1437","hughey"
"1438","humanites"
"1439","humanties"
"1440","humboldt"
"1441","hunicke"
"1442","hurricane"
"1443","hybrid"
"1444","ideass"
"1445","ilan"
"1446","immigrants"
"1447","induced"
"1448","ingrid"
"1449","inheritance"
"1450","inspire"
"1451","insurance"
"1452","insurrection"
"1453","intel"
"1454","interactive"
"1455","intergroup"
"1456","internships"
"1457","irish"
"1458","iron"
"1459","islamic"
"1460","jackson"
"1461","japanese"
"1462","jazz"
"1463","jeltema"
"1464","jock"
"1465","jones"
"1466","joseph"
"1467","judge"
"1468","julia"
"1469","justin"
"1470","kathleen"
"1471","katia"
"1472","kebebew"
"1473","keith"
"1474","kendra"
"1475","kenneth"
"1476","kerstin"
"1477","kim"
"1478","kocevski"
"1479","kolaitis"
"1480","kqed"
"1481","kresge"
"1482","kurniawan"
"1483","kzsc"
"1484","ladusaw"
"1485","lake"
"1486","landau"
"1487","landesman"
"1488","languages"
"1489","lanting"
"1490","lawrence"
"1491","layoffs"
"1492","leanos"
"1493","leaper"
"1494","learned"
"1495","lectures"
"1496","leta"
"1497","leukemia"
"1498","light"
"1499","lincoln"
"1500","lindsay"
"1501","lions"
"1502","lionsgate"
"1503","little"
"1504","liu"
"1505","lois"
"1506","lokey"
"1507","loma"
"1508","lord"
"1509","louise"
"1510","luca"
"1511","lydia"
"1512","lyon"
"1513","machine"
"1514","mackey"
"1515","magazines"
"1516","malika"
"1517","mammal"
"1518","mammoth"
"1519","mandel"
"1520","mandolin"
"1521","manduchi"
"1522","mann"
"1523","manuel"
"1524","manzanita"
"1525","map"
"1526","marco"
"1527","margaret"
"1528","market"
"1529","marrow"
"1530","marshall"
"1531","martha"
"1532","martinez"
"1533","mascharak"
"1534","mascot"
"1535","master"
"1536","masters"
"1537","mathematical"
"1538","mayan"
"1539","mccarthy"
"1540","mcdowell"
"1541","mcnally"
"1542","meatless"
"1543","meg"
"1544","meter"
"1545","methane"
"1546","mfa"
"1547","micah"
"1548","microbial"
"1549","microbiology"
"1550","microgrids"
"1551","migrants"
"1552","migrations"
"1553","millhauser"
"1554","model"
"1555","monday"
"1556","monning"
"1557","monterey"
"1558","month"
"1559","moons"
"1560","morales"
"1561","moreno"
"1562","move"
"1563","murphy"
"1564","murray"
"1565","muslim"
"1566","nagamine"
"1567","najeraramirez"
"1568","nancy"
"1569","nanobiopsy"
"1570","naomi"
"1571","napolitano"
"1572","narrative"
"1573","native"
"1574","nci"
"1575","neh"
"1576","networking"
"1577","newton"
"1578","nigerian"
"1579","nikki"
"1580","nine"
"1581","nitrogen"
"1582","nmr"
"1583","noise"
"1584","nominations"
"1585","nonresident"
"1586","now"
"1587","npr"
"1588","nrc"
"1589","nuclear"
"1590","nuclei"
"1591","nudibranch"
"1592","oak"
"1593","obraczka"
"1594","officers"
"1595","oliver"
"1596","olsen"
"1597","olvera"
"1598","opers"
"1599","opportunities"
"1600","oral"
"1601","orientation"
"1602","origin"
"1603","orleans"
"1604","osa"
"1605","oscars"
"1606","osterbrock"
"1607","outage"
"1608","outreach"
"1609","pacesetters"
"1610","paiement"
"1611","palca"
"1612","parks"
"1613","partnership"
"1614","paten"
"1615","pathway"
"1616","patricia"
"1617","peach"
"1618","pearse"
"1619","pedagogy"
"1620","peggy"
"1621","pension"
"1622","peregrin"
"1623","perks"
"1624","personal"
"1625","petabyte"
"1626","petersen"
"1627","phd"
"1628","phil"
"1629","philpott"
"1630","phokion"
"1631","phthalate"
"1632","pinckard"
"1633","pister"
"1634","planetary"
"1635","planned"
"1636","plasmonic"
"1637","playhouse"
"1638","poison"
"1639","polansky"
"1640","polar"
"1641","pollan"
"1642","pool"
"1643","porco"
"1644","pradip"
"1645","predators"
"1646","prejudice"
"1647","presidents"
"1648","prevention"
"1649","preview"
"1650","priest"
"1651","prieta"
"1652","principal"
"1653","principles"
"1654","priorities"
"1655","pristine"
"1656","prizes"
"1657","processing"
"1658","products"
"1659","professorship"
"1660","profumo"
"1661","proposition"
"1662","protected"
"1663","protests"
"1664","pulsars"
"1665","quest"
"1666","racial"
"1667","raciscm"
"1668","radcliffe"
"1669","ranch"
"1670","randall"
"1671","rates"
"1672","rau"
"1673","raven"
"1674","rays"
"1675","recession"
"1676","recharge"
"1677","record"
"1678","recycling"
"1679","reed"
"1680","reentry"
"1681","reflection"
"1682","reform"
"1683","refugee"
"1684","regional"
"1685","resources"
"1686","rethinking"
"1687","retina"
"1688","retinal"
"1689","retirememnet"
"1690","retreat"
"1691","reyna"
"1692","reynolds"
"1693","rhythmic"
"1694","rick"
"1695","ricketts"
"1696","roam"
"1697","roberto"
"1698","roberts"
"1699","robin"
"1700","rocks"
"1701","ronald"
"1702","ronan"
"1703","rosa"
"1704","rose"
"1705","rosenberg"
"1706","rossi"
"1707","rotary"
"1708","rubin"
"1709","ruiz"
"1710","ruth"
"1711","sadrozinski"
"1712","salama"
"1713","sandy"
"1714","sanjayan"
"1715","sara"
"1716","satellite"
"1717","sccbg"
"1718","sci"
"1719","scientist"
"1720","scramble"
"1721","sdssiii"
"1722","seagrass"
"1723","searle"
"1724","sebastiano"
"1725","sensitivity"
"1726","sentinel"
"1727","sequestration"
"1728","seth"
"1729","sex"
"1730","sexual"
"1731","shark"
"1732","shaughnessy"
"1733","sheet"
"1734","shikuma"
"1735","showcase"
"1736","sikhs"
"1737","silver"
"1738","singersongwriters"
"1739","sip"
"1740","size"
"1741","skenazy"
"1742","skinner"
"1743","small"
"1744","smart"
"1745","smoking"
"1746","sofie"
"1747","software"
"1748","sonar"
"1749","sophía"
"1750","southall"
"1751","soviet"
"1752","spacecraft"
"1753","spectroscopy"
"1754","spill"
"1755","sports"
"1756","sri"
"1757","stacy"
"1758","standup"
"1759","staufenbiel"
"1760","steck"
"1761","storytelling"
"1762","studio"
"1763","succulent"
"1764","sue"
"1765","sumatra"
"1766","support"
"1767","supreme"
"1768","surgical"
"1769","sustainablility"
"1770","sweig"
"1771","syrian"
"1772","tags"
"1773","taking"
"1774","tax"
"1775","teachers"
"1776","technologies"
"1777","telomerase"
"1778","terrence"
"1779","terry"
"1780","tesla"
"1781","testoni"
"1782","thayer"
"1783","theatre"
"1784","thirty"
"1785","thorn"
"1786","thousand"
"1787","threat"
"1788","thumbs"
"1789","tibet"
"1790","tidal"
"1791","tiffany"
"1792","title"
"1793","tobias"
"1794","todd"
"1795","toilet"
"1796","tomography"
"1797","tournament"
"1798","training"
"1799","tropp"
"1800","tsunami"
"1801","turtles"
"1802","ultra"
"1803","undergrads"
"1804","update"
"1805","urban"
"1806","use"
"1807","vani"
"1808","vegan"
"1809","vegetables"
"1810","venice"
"1811","village"
"1812","vision"
"1813","vpaa"
"1814","walkrun"
"1815","walter"
"1816","war"
"1817","wasson"
"1818","watsonville"
"1819","webster"
"1820","wednesday"
"1821","weeds"
"1822","welcomes"
"1823","wharf"
"1824","whillans"
"1825","whistleblower"
"1826","wittman"
"1827","wnv"
"1828","wolff"
"1829","wong"
"1830","work"
"1831","yager"
"1832","yeakel"
"1833","years"
"1834","yerxa"
"1835","yiddish"
"1836","york"
"1837","yorker"
"1838","yosemite"
"1839","youth"
"1840","zavaleta"
"1841","zendejas"
"1842","zero"
"1843","zipcar"
"1844","zoonotic"
"1845","zuo"
"1846","zwart"
"1847","10x10"
"1848","1424240"
"1849","1960s"
"1850","1962"
"1851","1965"
"1852","2008"
"1853","2009"
"1854","200910alumni"
"1855","20092010"
"1856","2012zero1"
"1857","32nd"
"1858","3d2d"
"1859","455"
"1860","45th"
"1861","60s"
"1862","700"
"1863","aarhus"
"1864","aaronette"
"1865","aas"
"1866","abby"
"1867","abel"
"1868","abreu"
"1869","abuoali"
"1870","abuse"
"1871","academics"
"1872","accepted"
"1873","achieve"
"1874","acid"
"1875","acinetobacter"
"1876","acknowledgement"
"1877","acquire"
"1878","acs"
"1879","acterra"
"1880","acting"
"1881","adhoc"
"1882","adrian"
"1883","adriane"
"1884","advanced"
"1885","advantage"
"1886","advertisement"
"1887","advice"
"1888","advise"
"1889","aeroecology"
"1890","affiliated"
"1891","affirmative"
"1892","affordable"
"1893","africanamerican"
"1894","agora"
"1895","ahmet"
"1896","aia"
"1897","aids"
"1898","air"
"1899","airborne"
"1900","airguns"
"1901","aizenman"
"1902","akira"
"1903","alali"
"1904","alastra"
"1905","alec"
"1906","alejandra"
"1907","alewife"
"1908","ali"
"1909","alis"
"1910","alive"
"1911","allen"
"1912","allocation"
"1913","alloptical"
"1914","alternatives"
"1915","alumnus"
"1916","alvarez"
"1917","alyson"
"1918","amah"
"1919","amber"
"1920","amborella"
"1921","americana"
"1922","americorps"
"1923","amgen"
"1924","amnesic"
"1925","ams"
"1926","analytical"
"1927","ancestors"
"1928","anderson"
"1929","andreas"
"1930","andrews"
"1931","android"
"1932","angel"
"1933","angeles"
"1934","anger"
"1935","animals"
"1936","animation"
"1937","anita"
"1938","anitsemitism"
"1939","annie"
"1940","annies"
"1941","annualemmy"
"1942","ano"
"1943","ant"
"1944","antenna"
"1945","anthologies"
"1946","anthony"
"1947","anthro"
"1948","anthropocene"
"1949","anzaldua"
"1950","aoki"
"1951","apf"
"1952","application"
"1953","applied"
"1954","appreciation"
"1955","april"
"1956","aquarium"
"1957","aquifer"
"1958","arash"
"1959","arborteum"
"1960","archaeolgy"
"1961","archembeau"
"1962","archival"
"1963","archivist"
"1964","archtecture"
"1965","areas"
"1966","arenaria"
"1967","arnav"
"1968","arnold"
"1969","arpanet"
"1970","arpes"
"1971","arrays"
"1972","arthur"
"1973","artist"
"1974","artscience"
"1975","ashkon"
"1976","asp"
"1977","assemblathon"
"1978","assemblymember"
"1979","assistance"
"1980","assistant"
"1981","associate"
"1982","associated"
"1983","astonishing"
"1984","atmospheric"
"1985","atra"
"1986","auger"
"1987","aurora"
"1988","autumn"
"1989","avenue"
"1990","avian"
"1991","avila"
"1992","avril"
"1993","baba"
"1994","bachleor"
"1995","backpack"
"1996","backpacks"
"1997","backyard"
"1998","bag"
"1999","bakker"
"2000","bald"
"2001","ball"
"2002","ban"
"2003","banff"
"2004","bar"
"2005","barlow"
"2006","barnettjohnson"
"2007","baroque"
"2008","barrett"
"2009","based"
"2010","baumannii"
"2011","bayne"
"2012","bbq"
"2013","bd2k"
"2014","beaches"
"2015","beard"
"2016","beast"
"2017","beat"
"2018","beata"
"2019","beau"
"2020","beauty"
"2021","bebes"
"2022","beckett"
"2023","began"
"2024","begins"
"2025","behavior"
"2026","behavioral"
"2027","beiers"
"2028","beijing"
"2029","belanger"
"2030","believin"
"2031","belisario"
"2032","belle"
"2033","beloved"
"2034","benin"
"2035","benz"
"2036","bering"
"2037","bernick"
"2038","bertram"
"2039","betty"
"2040","bhattacharya"
"2041","bicycle"
"2042","biden"
"2043","biennial"
"2044","billy"
"2045","binrdi"
"2046","bioacoustics"
"2047","bioengineering"
"2048","biologist"
"2049","biologyhealth"
"2050","biomap"
"2051","biophysics"
"2052","biorock"
"2053","biosensor"
"2054","biosphere"
"2055","birds"
"2056","biting"
"2057","blackaby"
"2058","blackness"
"2059","blake"
"2060","blank"
"2061","blaser"
"2062","blazar"
"2063","bley"
"2064","blind"
"2065","blitzer"
"2066","blogs"
"2067","blue"
"2068","blueback"
"2069","blumehthal"
"2070","bmeg"
"2071","boardwalk"
"2072","bogota"
"2073","boldt"
"2074","bomb"
"2075","bona"
"2076","bonnie"
"2077","bonny"
"2078","bookbinding"
"2079","borromeo"
"2080","bost"
"2081","boston"
"2082","bottled"
"2083","box"
"2084","brad"
"2085","braga"
"2086","branding"
"2087","brannon"
"2088","brathwaite"
"2089","brca"
"2090","brca1"
"2091","brca2"
"2092","break"
"2093","brics"
"2094","bridgeman"
"2095","bridgette"
"2096","bridging"
"2097","briggs"
"2098","brill"
"2099","bring"
"2100","bro"
"2101","broadway"
"2102","brodie"
"2103","bronx"
"2104","brooke"
"2105","brouwer"
"2106","brubeck"
"2107","brugge"
"2108","bryan"
"2109","bsoe"
"2110","buck"
"2111","bucky"
"2112","budeget"
"2113","bull"
"2114","bumblebees"
"2115","bunch"
"2116","bunnett"
"2117","burglaries"
"2118","burgueno"
"2119","burma"
"2120","burmanhall"
"2121","burns"
"2122","butterflies"
"2123","buy"
"2124","c3e"
"2125","c4e"
"2126","cabrera"
"2127","cactus"
"2128","cadillac"
"2129","cafe"
"2130","caitlin"
"2131","calcifying"
"2132","caldwell"
"2133","caldwellssa"
"2134","calfo"
"2135","callan"
"2136","called"
"2137","cam"
"2138","camarillo"
"2139","camera"
"2140","cameras"
"2141","camila"
"2142","campesino"
"2143","candidates"
"2144","candy"
"2145","cannes"
"2146","cannibal"
"2147","cantor"
"2148","capital"
"2149","capture"
"2150","cardboard"
"2151","cardon"
"2152","carl"
"2153","carmel"
"2154","carnivores"
"2155","carol"
"2156","caroline"
"2157","carver"
"2158","cascade"
"2159","cascio"
"2160","casper"
"2161","castle"
"2162","catalyst"
"2163","cathy"
"2164","ccrec"
"2165","cdte"
"2166","celebrations"
"2167","celtic"
"2168","centennial"
"2169","ceremony"
"2170","certificates"
"2171","cervantes"
"2172","cgpm"
"2173","challenge"
"2174","challenges"
"2175","chamorro"
"2176","champion"
"2177","champions"
"2178","championship"
"2179","chan"
"2180","changes"
"2181","chaos"
"2182","chaser"
"2183","chaufan"
"2184","chavez"
"2185","chee"
"2186","cheerleading"
"2187","chelsea"
"2188","chelsey"
"2189","chemotaxis"
"2190","chhabria"
"2191","chiang"
"2192","chiapas"
"2193","chicago"
"2194","chicano"
"2195","choco"
"2196","choerodon"
"2197","chona"
"2198","chopra"
"2199","choreography"
"2200","chowder"
"2201","christian"
"2202","christie"
"2203","chronicle"
"2204","chu"
"2205","chuang"
"2206","cia"
"2207","cirm"
"2208","citations"
"2209","citris"
"2210","clabuesch"
"2211","clam"
"2212","clambake"
"2213","clapham"
"2214","classical"
"2215","claudia"
"2216","clauser"
"2217","cleveland"
"2218","cline"
"2219","clone"
"2220","clouds"
"2221","clubs"
"2222","co2"
"2223","coach"
"2224","coe"
"2225","coffee"
"2226","cognition"
"2227","cognitive"
"2228","coha"
"2229","colbert"
"2230","cold"
"2231","collaboration"
"2232","collaborative"
"2233","collapse"
"2234","collars"
"2235","collider"
"2236","colonel"
"2237","colonialism"
"2238","comedy"
"2239","comiccon"
"2240","comics"
"2241","committees"
"2242","common"
"2243","commonwealth"
"2244","communicating"
"2245","compact"
"2246","complicated"
"2247","comprehension"
"2248","computed"
"2249","concentrator"
"2250","concerts"
"2251","conferences"
"2252","confinement"
"2253","conkouatidouli"
"2254","conservancy"
"2255","console"
"2256","constance"
"2257","constitution"
"2258","contamination"
"2259","contemporary"
"2260","conversion"
"2261","cool"
"2262","cooper"
"2263","cooperation"
"2264","corporate"
"2265","correlated"
"2266","cortezcota"
"2267","cottages"
"2268","coulter"
"2269","counseling"
"2270","country"
"2271","coupling"
"2272","course"
"2273","cpevc"
"2274","cradle"
"2275","creativity"
"2276","crews"
"2277","cristrine"
"2278","criticism"
"2279","critics"
"2280","crocodilian"
"2281","crook"
"2282","crosson"
"2283","crowdfunding"
"2284","crowdgrader"
"2285","crowley"
"2286","crustose"
"2287","cruzalert"
"2288","cruzfit"
"2289","crystal"
"2290","crystallography"
"2291","cuba"
"2292","cuban"
"2293","cummings"
"2294","cup"
"2295","curiosity"
"2296","current"
"2297","currents"
"2298","curtailment"
"2299","curtis"
"2300","cuwip"
"2301","cyanobacteria"
"2302","cyber"
"2303","cycle"
"2304","dachas"
"2305","daily"
"2306","dalal"
"2307","damon"
"2308","dancing"
"2309","dani"
"2310","danilyn"
"2311","danna"
"2312","darrell"
"2313","das"
"2314","database"
"2315","davaran"
"2316","dawn"
"2317","dawson"
"2318","dbtb"
"2319","deaf"
"2320","deans"
"2321","deason"
"2322","death"
"2323","deavere"
"2324","deborah"
"2325","decadal"
"2326","dedication"
"2327","dee"
"2328","deep2"
"2329","deepsea"
"2330","deficit"
"2331","deghetaldi"
"2332","deimos"
"2333","delaney"
"2334","delta"
"2335","demaine"
"2336","demayo"
"2337","democracy"
"2338","dena"
"2339","dendritic"
"2340","denim"
"2341","denisova"
"2342","denisovans"
"2343","denmark"
"2344","dennen"
"2345","dennis"
"2346","densovirus"
"2347","deparmtent"
"2348","derivatives"
"2349","desert"
"2350","desktop"
"2351","destinies"
"2352","detention"
"2353","developing"
"2354","device"
"2355","devices"
"2356","devitt"
"2357","dhompa"
"2358","dialogue"
"2359","diaz"
"2360","diazhouston"
"2361","dichotomy"
"2362","dick"
"2363","dickson"
"2364","digby"
"2365","dinnner"
"2366","dioxide"
"2367","disabilities"
"2368","disability"
"2369","disciplines"
"2370","discoveries"
"2371","discrimination"
"2372","disk"
"2373","display"
"2374","disruption"
"2375","distance"
"2376","distracted"
"2377","diving"
"2378","divisiion"
"2379","divisioin"
"2380","dizikes"
"2381","doc"
"2382","docent"
"2383","dominique"
"2384","dominy"
"2385","domoic"
"2386","donna"
"2387","donors"
"2388","dont"
"2389","doon"
"2390","dorman"
"2391","dorothy"
"2392","doubles"
"2393","dpartment"
"2394","dreamers"
"2395","dress"
"2396","drevno"
"2397","drew"
"2398","dried"
"2399","drink"
"2400","driving"
"2401","drones"
"2402","dror"
"2403","drugresistant"
"2404","drummond"
"2405","dry"
"2406","dubois"
"2407","dudley"
"2408","dudleya"
"2409","duki"
"2410","dunbar"
"2411","dundon"
"2412","dunn"
"2413","dwyer"
"2414","dylan"
"2415","dynamical"
"2416","dynamo"
"2417","dystrophy"
"2418","eagles"
"2419","eap"
"2420","earle"
"2421","earthbound"
"2422","earthlike"
"2423","east"
"2424","eastern"
"2425","ebola"
"2426","ebooks"
"2427","economic"
"2428","economies"
"2429","economist"
"2430","economy"
"2431","edgar"
"2432","edison"
"2433","editor"
"2434","editorial"
"2435","editors"
"2436","edmund"
"2437","edua"
"2438","educators"
"2439","edward"
"2440","eelgrass"
"2441","eels"
"2442","eesha"
"2443","egg"
"2444","eggers"
"2445","ehealth"
"2446","eion"
"2447","elaine"
"2448","electrohydrogenesis"
"2449","electromagnetically"
"2450","elegans"
"2451","eleonora"
"2452","elijah"
"2453","elissa"
"2454","ellison"
"2455","eloise"
"2456","emergency"
"2457","emerson"
"2458","emerti"
"2459","empire"
"2460","employee"
"2461","empty"
"2462","encode"
"2463","endlactation"
"2464","engineer"
"2465","english"
"2466","enrollments"
"2467","entrepreneur"
"2468","entrepreneurs"
"2469","envs"
"2470","epa"
"2471","epc"
"2472","epigenetics"
"2473","eppel"
"2474","epsilon"
"2475","equality"
"2476","equitable"
"2477","equlity"
"2478","eris"
"2479","erosion"
"2480","esa"
"2481","esl"
"2482","essential"
"2483","eszterha"
"2484","ethnomusicology"
"2485","europe"
"2486","eva"
"2487","evaluation"
"2488","evelyn"
"2489","everett"
"2490","everson"
"2491","evrev"
"2492","ewings"
"2493","excess"
"2494","executive"
"2495","exhibition"
"2496","exhitions"
"2497","exile"
"2498","exiles"
"2499","exoplanet"
"2500","expanding"
"2501","expectations"
"2502","experts"
"2503","explorer"
"2504","explosion"
"2505","extreme"
"2506","extremely"
"2507","eyh"
"2508","eyre"
"2509","facebook"
"2510","facility"
"2511","fallrun"
"2512","falls"
"2513","fame"
"2514","fan"
"2515","farber"
"2516","fargo"
"2517","fat"
"2518","fault"
"2519","favorite"
"2520","federal"
"2521","feeding"
"2522","fees"
"2523","felicia"
"2524","feminicide"
"2525","feminism"
"2526","ferguson"
"2527","fertilization"
"2528","fessenden"
"2529","fever"
"2530","fide"
"2531","fielding"
"2532","fields"
"2533","fieldwork"
"2534","fieldworker"
"2535","fight"
"2536","fighting"
"2537","filmmakers"
"2538","finalists"
"2539","finger"
"2540","fires"
"2541","fireworks"
"2542","fischer"
"2543","fishing"
"2544","fitnat"
"2545","five3"
"2546","flores"
"2547","flow"
"2548","flower"
"2549","foley"
"2550","folk"
"2551","foodie"
"2552","forbes"
"2553","ford"
"2554","fork"
"2555","fornax"
"2556","forums"
"2557","forward"
"2558","founding"
"2559","four"
"2560","fowler"
"2561","fox"
"2562","frame"
"2563","francesca"
"2564","franko"
"2565","franzen"
"2566","fredric"
"2567","free"
"2568","fregoso"
"2569","fresca"
"2570","freshmen"
"2571","friction"
"2572","friendly"
"2573","frog"
"2574","frontiers"
"2575","frosh"
"2576","fruit"
"2577","fry"
"2578","fsh"
"2579","fukkunaga"
"2580","fukushima"
"2581","full"
"2582","fungi"
"2583","g10k"
"2584","ga4gh"
"2585","gabby"
"2586","galen"
"2587","galileo"
"2588","galleries"
"2589","gamel"
"2590","gamepro"
"2591","gamma"
"2592","ganguli"
"2593","garaud"
"2594","garbe"
"2595","gassner"
"2596","gates"
"2597","gathering"
"2598","gavin"
"2599","gdc"
"2600","gdca"
"2601","gear"
"2602","gearup"
"2603","gemini"
"2604","gene"
"2605","generale"
"2606","generation"
"2607","genes"
"2608","genomes"
"2609","genomic"
"2610","geochemical"
"2611","geographic"
"2612","geology"
"2613","georges"
"2614","georgetown"
"2615","geothermal"
"2616","gera"
"2617","gerhard"
"2618","gerhardt"
"2619","getoor"
"2620","geyhong"
"2621","giannini"
"2622","giants"
"2623","gideon"
"2624","gilead"
"2625","gillian"
"2626","give"
"2627","gjerde"
"2628","glassey"
"2629","glast"
"2630","gleeson"
"2631","glen"
"2632","glennlevin"
"2633","globalfood"
"2634","globe"
"2635","globes"
"2636","globular"
"2637","gnomeland"
"2638","gnomes"
"2639","goddard"
"2640","gold"
"2641","gómezpeña"
"2642","gonzalez"
"2643","good"
"2644","goodman"
"2645","gorbachev"
"2646","gorchoff"
"2647","gore"
"2648","gourd"
"2649","gquadruplex"
"2650","grabe"
"2651","grace"
"2652","grad"
"2653","grade"
"2654","grades"
"2655","grads"
"2656","graduates"
"2657","graeme"
"2658","grahm"
"2659","grammny"
"2660","grammy"
"2661","granules"
"2662","graphic"
"2663","graphics"
"2664","grassi"
"2665","gravitational"
"2666","gray"
"2667","graybill"
"2668","greece"
"2669","greek"
"2670","greenberg"
"2671","greetings"
"2672","gregg"
"2673","greta"
"2674","grid"
"2675","grieving"
"2676","griffin"
"2677","grillo"
"2678","grisman"
"2679","groups"
"2680","grove"
"2681","growing"
"2682","gsa"
"2683","guatemala"
"2684","guerra"
"2685","guilderson"
"2686","guillermo"
"2687","guitar"
"2688","guitarmakekrs"
"2689","gulf"
"2690","gunderson"
"2691","gunjan"
"2692","gurnee"
"2693","gustavo"
"2694","gwen"
"2695","gweon"
"2696","gynt"
"2697","gyre"
"2698","h1n1"
"2699","habitat"
"2700","hadron"
"2701","haeussler"
"2702","halo"
"2703","ham"
"2704","handson"
"2705","hannah"
"2706","hansen"
"2707","hanson"
"2708","happy"
"2709","hard"
"2710","hardy"
"2711","harfest"
"2712","harrison"
"2713","hart"
"2714","harvard"
"2715","harvey"
"2716","harwood"
"2717","hass"
"2718","hassman"
"2719","hastings"
"2720","hazards"
"2721","hbo"
"2722","hearing"
"2723","heart"
"2724","heffington"
"2725","hegermiller"
"2726","heil"
"2727","heimlich"
"2728","heineman"
"2729","helen"
"2730","helene"
"2731","helium"
"2732","hematopoietic"
"2733","herbie"
"2734","herken"
"2735","hernandez"
"2736","hgp"
"2737","hgvm"
"2738","hhmi"
"2739","hiapanic"
"2740","hibbertjones"
"2741","highelevation"
"2742","highenergy"
"2743","hightemperature"
"2744","hike"
"2745","hiltermann"
"2746","himig"
"2747","hirsch"
"2748","historians"
"2749","histories"
"2750","hit"
"2751","hitachi"
"2752","hitoshi"
"2753","hmong"
"2754","holidays"
"2755","holl"
"2756","holocasut"
"2757","homegrown"
"2758","homicide"
"2759","honig"
"2760","honorary"
"2761","honors"
"2762","horizons"
"2763","horned"
"2764","horner"
"2765","hospice"
"2766","hospodor"
"2767","hotel"
"2768","hours"
"2769","howzell"
"2770","hst"
"2771","hsu"
"2772","huawei"
"2773","huffington"
"2774","hughes"
"2775","hult"
"2776","humankind"
"2777","humanrobot"
"2778","hummingbird"
"2779","hummingbirds"
"2780","hunt"
"2781","hunter"
"2782","hurwitz"
"2783","huskey"
"2784","hyades"
"2785","hydrothermal"
"2786","icebound"
"2787","igem"
"2788","ike"
"2789","imager"
"2790","imaging"
"2791","imf"
"2792","implant"
"2793","ims"
"2794","imsd"
"2795","incessant"
"2796","incidents"
"2797","increases"
"2798","independence"
"2799","indians"
"2800","indigenous"
"2801","indigineous"
"2802","indoor"
"2803","inequalities"
"2804","influential"
"2805","infrastructure"
"2806","inititatives"
"2807","injury"
"2808","inktank"
"2809","inner"
"2810","inorganic"
"2811","input"
"2812","insects"
"2813","insititute"
"2814","installation"
"2815","instate"
"2816","instruction"
"2817","instrumental"
"2818","integrated"
"2819","intellectual"
"2820","interactions"
"2821","interdisciplinary"
"2822","internet"
"2823","intrinsic"
"2824","introductory"
"2825","invasive"
"2826","inventing"
"2827","invertebrates"
"2828","investing"
"2829","ion"
"2830","ira"
"2831","iraq"
"2832","iraqibacter"
"2833","ireland"
"2834","irene"
"2835","isang"
"2836","isee"
"2837","iseeci"
"2838","isima"
"2839","isis"
"2840","isolation"
"2841","isotope"
"2842","ispy"
"2843","israel"
"2844","israeli"
"2845","italy"
"2846","iucrc"
"2847","ivan"
"2848","jackie"
"2849","jake"
"2850","jam"
"2851","jamais"
"2852","janet"
"2853","jarpa"
"2854","jasmin"
"2855","jeff"
"2856","jefferson"
"2857","jensen"
"2858","jerseys"
"2859","jessica"
"2860","jewell"
"2861","jewry"
"2862","jews"
"2863","jewsih"
"2864","jhala"
"2865","jin"
"2866","joan"
"2867","jocelyn"
"2868","johnston"
"2869","joi"
"2870","joji"
"2871","jonathon"
"2872","joost"
"2873","josesilicon"
"2874","journey"
"2875","joy"
"2876","jrbaskin"
"2877","juan"
"2878","juarez"
"2879","judith"
"2880","judy"
"2881","jumping"
"2882","junior"
"2883","jupiter"
"2884","kahn"
"2885","kaiser"
"2886","kaitlin"
"2887","kaitlyne"
"2888","kapteyns"
"2889","karl"
"2890","karla"
"2891","karlinsky"
"2892","kast"
"2893","katerina"
"2894","katherine"
"2895","kayak"
"2896","kazakoff"
"2897","keen"
"2898","keeping"
"2899","kelp"
"2900","kenez"
"2901","kenny"
"2902","kenya"
"2903","kepler11"
"2904","kerouac"
"2905","khalid"
"2906","khare"
"2907","kickoff"
"2908","kidder"
"2909","kiel"
"2910","kingsley"
"2911","kiplinger"
"2912","kirshner"
"2913","kletzer"
"2914","knowledge"
"2915","knowles"
"2916","knudson"
"2917","konopelski"
"2918","korean"
"2919","korycansky"
"2920","koster"
"2921","krab"
"2922","krakmer"
"2923","krinoid"
"2924","krissia"
"2925","ksbw"
"2926","kubby"
"2927","kyung"
"2928","laal"
"2929","laboratories"
"2930","labors"
"2931","lafco"
"2932","lagarde"
"2933","lam"
"2934","land"
"2935","lanfranco"
"2936","lang"
"2937","langdon"
"2938","langridge"
"2939","langwig"
"2940","lantos"
"2941","large"
"2942","latham"
"2943","launch"
"2944","laura"
"2945","laurie"
"2946","law"
"2947","layoff"
"2948","leads"
"2949","leaf"
"2950","leak"
"2951","leaños"
"2952","lectureship"
"2953","leed"
"2954","legal"
"2955","legislature"
"2956","leiden"
"2957","lemonade"
"2958","lemondade"
"2959","lemurs"
"2960","leo"
"2961","lesbian"
"2962","lesions"
"2963","lesser"
"2964","levi"
"2965","leviathan"
"2966","levin"
"2967","lghts"
"2968","librarian"
"2969","librarys"
"2970","licht"
"2971","lifespan"
"2972","ligo"
"2973","like"
"2974","lime"
"2975","lineage"
"2976","linguistic"
"2977","lingusitics"
"2978","linux"
"2979","lipschutz"
"2980","liquids"
"2981","lise"
"2982","literarcy"
"2983","litigation"
"2984","liveforever"
"2985","lml"
"2986","lodha"
"2987","loewenberg"
"2988","london"
"2989","lonely"
"2990","longestrunning"
"2991","longnosed"
"2992","longrunning"
"2993","lopez"
"2994","lou"
"2995","louann"
"2996","louis"
"2997","lounsbury"
"2998","lourdes"
"2999","love"
"3000","low"
"3001","lowrider"
"3002","luis"
"3003","lumileds"
"3004","luncheon"
"3005","luthiers"
"3006","lyn"
"3007","lynda"
"3008","lys"
"3009","maccabiah"
"3010","mace"
"3011","machinal"
"3012","machotka"
"3013","madison"
"3014","madonna"
"3015","madrid"
"3016","mae"
"3017","magnetized"
"3018","mah"
"3019","make"
"3020","malloch"
"3021","mammalian"
"3022","manager"
"3023","manny"
"3024","mantey"
"3025","mapping"
"3026","marcum"
"3027","marcus"
"3028","marhall"
"3029","maria"
"3030","mariana"
"3031","marianne"
"3032","marilyn"
"3033","marissa"
"3034","mariza"
"3035","marketing"
"3036","mars"
"3037","marsh"
"3038","marti"
"3039","marvel"
"3040","marykay"
"3041","mas"
"3042","mascots"
"3043","massacre"
"3044","mast"
"3045","match"
"3046","mathews"
"3047","matsutake"
"3048","matter"
"3049","mavericks"
"3050","maxcy"
"3051","maxwell"
"3052","maya"
"3053","mayanthi"
"3054","maytorena"
"3055","mayumba"
"3056","mccabe"
"3057","mcclellan"
"3058","mccloskey"
"3059","mcdaniel"
"3060","mcginty"
"3061","mcgroddy"
"3062","mckinley"
"3063","mclaughlin"
"3064","mct"
"3065","meadow"
"3066","measure"
"3067","medbook"
"3068","medieval"
"3069","mediterranean"
"3070","meeting"
"3071","meets"
"3072","meetups"
"3073","meghan"
"3074","mehta"
"3075","meister"
"3076","melanocortin"
"3077","melinda"
"3078","mellon"
"3079","memoir"
"3080","mentors"
"3081","mercado"
"3082","merced"
"3083","meredith"
"3084","merger"
"3085","merit"
"3086","meritbased"
"3087","merkl"
"3088","mermin"
"3089","merriam"
"3090","meschiari"
"3091","meskimen"
"3092","meteor"
"3093","metro"
"3094","metx"
"3095","mexicans"
"3096","mexico"
"3097","mexus"
"3098","mfc"
"3099","michaelisow"
"3100","mickelson"
"3101","mickey"
"3102","microbes"
"3103","microcystin"
"3104","midwife"
"3105","midwives"
"3106","mieuli"
"3107","migrant"
"3108","milanfar"
"3109","milestone"
"3110","millardball"
"3111","milwaukee"
"3112","ministries"
"3113","minjares"
"3114","minority"
"3115","miocene"
"3116","missing"
"3117","mitchell"
"3118","mitochondria"
"3119","mitra"
"3120","mlpa"
"3121","mobile"
"3122","mocvd"
"3123","modeling"
"3124","moglen"
"3125","mohajerinejad"
"3126","moisander"
"3127","molina"
"3128","mondays"
"3129","mongolia"
"3130","monitoring"
"3131","monjes"
"3132","monroe"
"3133","monte"
"3134","montgomery"
"3135","morals"
"3136","moran"
"3137","morellofrosch"
"3138","morgan"
"3139","morris"
"3140","morrison"
"3141","morton"
"3142","moses"
"3143","motor"
"3144","mountains"
"3145","movement"
"3146","movies"
"3147","moving"
"3148","movmement"
"3149","mri"
"3150","mueseum"
"3151","muisc"
"3152","multicultural"
"3153","multiculturalism"
"3154","multiple"
"3155","munch"
"3156","murayama"
"3157","murry"
"3158","muscular"
"3159","mushroom"
"3160","mutsun"
"3161","myanmar"
"3162","myotis"
"3163","myotonic"
"3164","nadine"
"3165","nagano"
"3166","najéraramírez"
"3167","nanohole"
"3168","nanoscale"
"3169","naples"
"3170","nassi"
"3171","nasw"
"3172","natalie"
"3173","nations"
"3174","natonal"
"3175","nature"
"3176","nauenberg"
"3177","nbc"
"3178","neandertal"
"3179","nebraska"
"3180","neel"
"3181","neighbor"
"3182","nellie"
"3183","neoklis"
"3184","neri"
"3185","nersc"
"3186","nesters"
"3187","net"
"3188","neural"
"3189","neuroscience"
"3190","neutron"
"3191","newberry"
"3192","newcomb"
"3193","newsday"
"3194","newsom"
"3195","newyork"
"3196","nexrad"
"3197","nexss"
"3198","nhc"
"3199","nicaragua"
"3200","nick"
"3201","nicolas"
"3202","nih"
"3203","nina"
"3204","nirvikar"
"3205","nitric"
"3206","nobby"
"3207","nodine"
"3208","nolting"
"3209","nomination"
"3210","non"
"3211","nonfiction"
"3212","normal"
"3213","notable"
"3214","note"
"3215","novelists"
"3216","noxon"
"3217","noyce"
"3218","nuevo"
"3219","number"
"3220","nurse"
"3221","nutrients"
"3222","nutrition"
"3223","nye"
"3224","obesity"
"3225","obituary"
"3226","oceanica"
"3227","oceanography"
"3228","ocr"
"3229","odigie"
"3230","oechel"
"3231","offensive"
"3232","officer"
"3233","ohara"
"3234","oiled"
"3235","okaeri"
"3236","okhotsk"
"3237","oldest"
"3238","oleary"
"3239","olimpi"
"3240","olympia"
"3241","omalley"
"3242","omosupe"
"3243","onewoman"
"3244","openlab"
"3245","operating"
"3246","opinion"
"3247","oprah"
"3248","oprahs"
"3249","optic"
"3250","optoelectronics"
"3251","optofluidic"
"3252","opukahaia"
"3253","organization"
"3254","orientations"
"3255","original"
"3256","origins"
"3257","orin"
"3258","orlelans"
"3259","orthodox"
"3260","oscillation"
"3261","osorio"
"3262","osx"
"3263","outer"
"3264","ovarian"
"3265","overfishing"
"3266","owl"
"3267","owls"
"3268","owners"
"3269","oxford"
"3270","oxide"
"3271","oysters"
"3272","pablo"
"3273","padgett"
"3274","paleoceanography"
"3275","paleoclimatology"
"3276","paleogenomics"
"3277","palestine"
"3278","palkovacs"
"3279","pallid"
"3280","palmer"
"3281","paludicola"
"3282","panagopoulos"
"3283","pandey"
"3284","panofsky"
"3285","papas"
"3286","parents"
"3287","pari"
"3288","parkcard"
"3289","parkinson"
"3290","participation"
"3291","parts"
"3292","pascale"
"3293","pasolini"
"3294","pasotti"
"3295","passage"
"3296","patel"
"3297","patent"
"3298","patents"
"3299","pathways"
"3300","patience"
"3301","patient"
"3302","patton"
"3303","paula"
"3304","payam"
"3305","payroll"
"3306","pbs"
"3307","pbsci"
"3308","peabody"
"3309","peak"
"3310","pearl"
"3311","pec"
"3312","pechthalt"
"3313","peckham"
"3314","pecmfc"
"3315","peer"
"3316","pelican"
"3317","penny"
"3318","pepperdine"
"3319","peregrine"
"3320","performance"
"3321","period"
"3322","perlkin"
"3323","perseid"
"3324","pertechnetate"
"3325","peru"
"3326","peta"
"3327","peta2"
"3328","peterson"
"3329","peyman"
"3330","pge"
"3331","pham"
"3332","phan"
"3333","philantrhopy"
"3334","philips"
"3335","phlush"
"3336","photocoagulation"
"3337","photogphy"
"3338","photojournalist"
"3339","photonics"
"3340","photos"
"3341","photovoltaic"
"3342","photovoltaics"
"3343","phthalates"
"3344","phylogenomics"
"3345","phylosusceptibility"
"3346","physiology"
"3347","pickard"
"3348","pickles"
"3349","picts"
"3350","pierce"
"3351","pika"
"3352","pikas"
"3353","pike"
"3354","pilot"
"3355","pinniped"
"3356","pinter"
"3357","pioneer"
"3358","pioneers"
"3359","pipeline"
"3360","pisco"
"3361","pks"
"3362","place"
"3363","plants"
"3364","pliocene"
"3365","plum"
"3366","poetrey"
"3367","pogson"
"3368","policies"
"3369","political"
"3370","polk"
"3371","poll"
"3372","pollination"
"3373","pollinators"
"3374","polo"
"3375","polyzotis"
"3376","pond"
"3377","popular"
"3378","populations"
"3379","posidonia"
"3380","postemployment"
"3381","potts"
"3382","poundstone"
"3383","powers"
"3384","precautions"
"3385","precision"
"3386","premiums"
"3387","prep"
"3388","preservation"
"3389","presidential"
"3390","princess"
"3391","prions"
"3392","privacy"
"3393","private"
"3394","priya"
"3395","processes"
"3396","producers"
"3397","production"
"3398","productions"
"3399","proessor"
"3400","professional"
"3401","professor"
"3402","professorships"
"3403","progarms"
"3404","programmable"
"3405","programming"
"3406","progress"
"3407","prom"
"3408","promise"
"3409","prop"
"3410","property"
"3411","proposal"
"3412","proracing"
"3413","prostate"
"3414","prostheses"
"3415","proteins"
"3416","prusiner"
"3417","pseudonitschia"
"3418","psychobiology"
"3419","psycholinguistics"
"3420","pudup"
"3421","pulcrano"
"3422","pumas"
"3423","punjab"
"3424","puppetry"
"3425","putin"
"3426","pybas"
"3427","pyne"
"3428","quality"
"3429","quartet"
"3430","quasars"
"3431","queralt"
"3432","questions"
"3433","rachael"
"3434","rad"
"3435","radhika"
"3436","radiation"
"3437","radio"
"3438","radiography"
"3439","rafael"
"3440","rahsheka"
"3441","rainforest"
"3442","raises"
"3443","ram"
"3444","rare"
"3445","ras"
"3446","ratner"
"3447","rawlings"
"3448","raymond"
"3449","raymundo"
"3450","read"
"3451","reality"
"3452","reasoning"
"3453","rebels"
"3454","rebenching"
"3455","reception"
"3456","recipient"
"3457","recruitments"
"3458","reef"
"3459","rees"
"3460","reference"
"3461","refine"
"3462","reflectance"
"3463","reflex"
"3464","refugees"
"3465","reid"
"3466","reinarman"
"3467","relentless"
"3468","relief"
"3469","religion"
"3470","rem"
"3471","remnant"
"3472","reneee"
"3473","report"
"3474","resistance"
"3475","resource"
"3476","responding"
"3477","retinoblastoma"
"3478","retire"
"3479","retired"
"3480","retrofit"
"3481","retrotransposons"
"3482","reu"
"3483","revelations"
"3484","revenues"
"3485","reverend"
"3486","revised"
"3487","revolutionary"
"3488","revolutions"
"3489","reyes"
"3490","rian"
"3491","ricardo"
"3492","rice"
"3493","richardson"
"3494","richter"
"3495","riepe"
"3496","right"
"3497","rightpopulism"
"3498","ringel"
"3499","ringold"
"3500","rising"
"3501","risk"
"3502","river"
"3503","rna"
"3504","robb"
"3505","robbery"
"3506","robertson"
"3507","robles"
"3508","robnett"
"3509","robot"
"3510","robots"
"3511","rockpaperscissors"
"3512","roddick"
"3513","rogers"
"3514","rogoff"
"3515","rold"
"3516","roman"
"3517","romanowsky"
"3518","ronnie"
"3519","roosevelt"
"3520","rosalinda"
"3521","rosenblum"
"3522","ross"
"3523","rotkin"
"3524","router"
"3525","roy"
"3526","royal"
"3527","rrd"
"3528","rubgy"
"3529","rudolph"
"3530","ruskin"
"3531","russ"
"3532","russia"
"3533","russon"
"3534","rutherford"
"3535","ruz"
"3536","ryan"
"3537","rydell"
"3538","safe"
"3539","safety"
"3540","sage"
"3541","saintignon"
"3542","salaz"
"3543","salazar"
"3544","samberg"
"3545","samuel"
"3546","sana"
"3547","sanborn"
"3548","sanctuary"
"3549","sandwort"
"3550","sanfelice"
"3551","santac"
"3552","sarcoma"
"3553","sasha"
"3554","satterthwaite"
"3555","saturday"
"3556","saturns"
"3557","saul"
"3558","sautter"
"3559","savannah"
"3560","save"
"3561","saz"
"3562","scale"
"3563","schaeffer"
"3564","schatz"
"3565","schekman"
"3566","scherer"
"3567","schlanger"
"3568","schmoozing"
"3569","schnaidt"
"3570","scholaships"
"3571","schonbek"
"3572","schorships"
"3573","schusterman"
"3574","schwartz"
"3575","schwarz"
"3576","schwarzenegger"
"3577","scmtd"
"3578","scotchy"
"3579","scotland"
"3580","scotus"
"3581","scpbrg"
"3582","scup"
"3583","sdss"
"3584","seafloor"
"3585","searches"
"3586","seas"
"3587","secret"
"3588","sediba"
"3589","seeberger"
"3590","seismic"
"3591","seismicity"
"3592","seismological"
"3593","selberg"
"3594","sell"
"3595","sellars"
"3596","semantics"
"3597","sendai"
"3598","sensor"
"3599","sequencer"
"3600","serrana"
"3601","set"
"3602","seti"
"3603","settlement"
"3604","settling"
"3605","sexy"
"3606","sflgbt"
"3607","shaanan"
"3608","shadecrown"
"3609","shaffer"
"3610","shailja"
"3611","shaksepeare"
"3612","shane"
"3613","sharath"
"3614","sharon"
"3615","shastry"
"3616","shawn"
"3617","shebooks"
"3618","sheen"
"3619","sheets"
"3620","shell"
"3621","shelley"
"3622","shellfish"
"3623","shelly"
"3624","shellye"
"3625","shelter"
"3626","shennan"
"3627","shihab"
"3628","shintoism"
"3629","shootings"
"3630","shope"
"3631","short"
"3632","show"
"3633","shower"
"3634","shu"
"3635","siataga"
"3636","sideblotched"
"3637","sierra"
"3638","sifuentes"
"3639","sigma"
"3640","sign"
"3641","signal"
"3642","sillicon"
"3643","sima"
"3644","simitian"
"3645","simulation"
"3646","sinclair"
"3647","sinha"
"3648","sinsheimer"
"3649","sirs"
"3650","sittercity"
"3651","sketchfest"
"3652","skin"
"3653","sky"
"3654","skytem"
"3655","slave"
"3656","slow"
"3657","slug26"
"3658","slugolete"
"3659","slugouya"
"3660","slugs"
"3661","smartfish"
"3662","smithsonian"
"3663","smsc"
"3664","soares"
"3665","soc"
"3666","societe"
"3667","soiree"
"3668","solana"
"3669","solarmicrobial"
"3670","solitary"
"3671","solutions"
"3672","song"
"3673","sophie"
"3674","sora"
"3675","sound"
"3676","soviets"
"3677","spaces"
"3678","spatial"
"3679","spectrograph"
"3680","spending"
"3681","spielbergs"
"3682","spike"
"3683","spines"
"3684","spiritual"
"3685","splicing"
"3686","spoken"
"3687","sponsored"
"3688","spotlight"
"3689","spotted"
"3690","spray"
"3691","springsteen"
"3692","square"
"3693","sriram"
"3694","staaf"
"3695","stammerjohn"
"3696","stamp"
"3697","standards"
"3698","stanley"
"3699","stanton"
"3700","start"
"3701","steel"
"3702","steelhead"
"3703","stein"
"3704","steinacker"
"3705","stephan"
"3706","stephens"
"3707","steppe"
"3708","sterry"
"3709","stevenson"
"3710","stewardship"
"3711","sting"
"3712","stop"
"3713","storm"
"3714","stovall"
"3715","strategies"
"3716","strauss"
"3717","strausskahn"
"3718","strawberries"
"3719","streams"
"3720","streets"
"3721","string"
"3722","structure"
"3723","su2c"
"3724","submarine"
"3725","substance"
"3726","subtropical"
"3727","success"
"3728","succulents"
"3729","suction"
"3730","suggestions"
"3731","suicide"
"3732","sukhbold"
"3733","sulger"
"3734","sun"
"3735","sundance"
"3736","sundaresan"
"3737","sundays"
"3738","super"
"3739","superconductors"
"3740","supercourse"
"3741","supermassive"
"3742","supernova"
"3743","supernovas"
"3744","supersymmetry"
"3745","suresh"
"3746","surf"
"3747","surveillance"
"3748","sury"
"3749","suspects"
"3750","suspicious"
"3751","sustainabile"
"3752","sustainabiliy"
"3753","sustainabillity"
"3754","suzi"
"3755","svbj"
"3756","swallow"
"3757","swine"
"3758","switch"
"3759","sylvanna"
"3760","sylvia"
"3761","symantec"
"3762","symbiosis"
"3763","symphony"
"3764","syntax"
"3765","syria"
"3766","syriac"
"3767","systemwide"
"3768","syz"
"3769","taal"
"3770","tagging"
"3771","tagore"
"3772","tail"
"3773","taiz"
"3774","tajimapeña"
"3775","takaki"
"3776","talent"
"3777","talk"
"3778","tallis"
"3779","tamara"
"3780","tang"
"3781","tango"
"3782","tania"
"3783","tanya"
"3784","tanzania"
"3785","tanzsolar"
"3786","tap"
"3787","taren"
"3788","target"
"3789","taships"
"3790","taxidermy"
"3791","taxpayer"
"3792","tde"
"3793","teagle"
"3794","teatro"
"3795","technetium"
"3796","technical"
"3797","techonomy"
"3798","tedxsantacruz"
"3799","telematics"
"3800","telescopes"
"3801","telomeres"
"3802","ten"
"3803","terra"
"3804","terrorist"
"3805","test"
"3806","testbed"
"3807","testing"
"3808","tests"
"3809","tex"
"3810","thad"
"3811","thanksgiving"
"3812","thermoelectric"
"3813","thermoelectrics"
"3814","things"
"3815","thirtymeter"
"3816","thometz"
"3817","thye"
"3818","tiananmen"
"3819","tibetan"
"3820","tickets"
"3821","tie"
"3822","tiecon"
"3823","tobacco"
"3824","tolerance"
"3825","tomlinson"
"3826","tones"
"3827","toni"
"3828","tool"
"3829","tots"
"3830","tour"
"3831","touré"
"3832","tours"
"3833","towels"
"3834","towngown"
"3835","townsend"
"3836","toxic"
"3837","toxicology"
"3838","toxics"
"3839","toxin"
"3840","toy"
"3841","toys"
"3842","trace"
"3843","tracking"
"3844","trade"
"3845","trading"
"3846","traditional"
"3847","transfers"
"3848","transformative"
"3849","transgenerational"
"3850","transit"
"3851","transition"
"3852","translation"
"3853","translational"
"3854","translocation"
"3855","transmission"
"3856","transparency"
"3857","transplants"
"3858","trash"
"3859","traugott"
"3860","trends"
"3861","triggering"
"3862","troncoso"
"3863","trophic"
"3864","tropical"
"3865","trouble"
"3866","trumbull"
"3867","trump"
"3868","tsering"
"3869","tsugawa"
"3870","tucker"
"3871","tucson"
"3872","tuesday"
"3873","tuguldur"
"3874","tupelo"
"3875","turbidites"
"3876","turner"
"3877","turnout"
"3878","twophoton"
"3879","tyson"
"3880","ucan"
"3881","ucc"
"3882","ucdc"
"3883","ucla"
"3884","ucues"
"3885","ucyna"
"3886","uds"
"3887","ulcercausing"
"3888","ultimate"
"3889","undergraduates"
"3890","underprivileged"
"3891","underrepresented"
"3892","undocumented"
"3893","unesco"
"3894","unified"
"3895","unit"
"3896","universities"
"3897","urey"
"3898","ursula"
"3899","urushiol"
"3900","usa"
"3901","usc"
"3902","uscc"
"3903","usda"
"3904","usgs"
"3905","ussc"
"3906","uwm"
"3907","vaccine"
"3908","vallely"
"3909","valleys"
"3910","vallmajo"
"3911","vargas"
"3912","varian"
"3913","variation"
"3914","vartabedian"
"3915","vaske"
"3916","vazquez"
"3917","vcr"
"3918","vectorborne"
"3919","vegetarian"
"3920","ventana"
"3921","venus"
"3922","verdasco"
"3923","verityi"
"3924","veritys"
"3925","versailles"
"3926","versus"
"3927","vertebrate"
"3928","vesecky"
"3929","vesta"
"3930","vets"
"3931","vibe"
"3932","victim"
"3933","videogames"
"3934","videos"
"3935","view"
"3936","vince"
"3937","vineyard"
"3938","violin"
"3939","viral"
"3940","virtual"
"3941","vise"
"3942","visionaries"
"3943","visions"
"3944","visitor"
"3945","visitors"
"3946","vocal"
"3947","voice"
"3948","volcano"
"3949","voter"
"3950","wade"
"3951","walk"
"3952","walmart"
"3953","walpert"
"3954","walters"
"3955","wandering"
"3956","wang"
"3957","wangmo"
"3958","warburton"
"3959","warm"
"3960","warner"
"3961","warnshuis"
"3962","warriors"
"3963","watchers"
"3964","waterlab"
"3965","watermans"
"3966","watwood"
"3967","waveguide"
"3968","waveguides"
"3969","waves"
"3970","weather"
"3971","weddell"
"3972","weems"
"3973","weight"
"3974","weil"
"3975","weird"
"3976","weisberg"
"3977","weismann"
"3978","weisspenzias"
"3979","welch"
"3980","weldon"
"3981","wellness"
"3982","wells"
"3983","wentai"
"3984","werner"
"3985","wescott"
"3986","weygandt"
"3987","whale"
"3988","whaling"
"3989","whittaker"
"3990","whitworth"
"3991","whyte"
"3992","wiberg"
"3993","wide"
"3994","widom"
"3995","wijit"
"3996","wilder"
"3997","wildfire"
"3998","will"
"3999","willson"
"4000","winant"
"4001","wind"
"4002","winfrey"
"4003","wingspan"
"4004","winners"
"4005","wisconsin"
"4006","wojcicki"
"4007","wolfe"
"4008","wonderful"
"4009","works"
"4010","wrasses"
"4011","wray"
"4012","wreaths"
"4013","wright"
"4014","writer"
"4015","xylem"
"4016","yair"
"4017","yang"
"4018","yanik"
"4019","yearend"
"4020","yeltsin"
"4021","yen"
"4022","yethzell"
"4023","yildiz"
"4024","yiwei"
"4025","yolanda"
"4026","yousefi"
"4027","youtube"
"4028","yung"
"4029","zach"
"4030","zachos"
"4031","zajac"
"4032","zamarripa"
"4033","zelaya"
"4034","zhang"
"4035","zinc"
"4036","zweiback"
